Workbook

Sheet README
A1: VLM Distillation — Phase-0 Paper Sprint Tracker
A3: Submission target | B3: ARR May cycle, internal cutoff 2026-05-22
A4: Pair | B4: Qwen/Qwen2.5-VL-7B-Instruct -> Qwen/Qwen2-VL-2B-Instruct
A5: Branch | B5: phase-0-paper-sprint
A6: Plan | B6: phase_0_sprint_plan.md
A8: Sheet | B8: What it's for
A9: Runs | B9: One row per training run. Edit status/wall_clock/notes as runs complete. Yellow = planned, Red = ablation.
A10: Results | B10: Long-format (run x benchmark) score table. Fill the `score` column after each VLMEvalKit run.
A11: Main_Table | B11: Pivoted view for the paper. Uses VLOOKUP into Results — DON'T edit cells, edit Results.
A12: UMI | B12: Per-pair Unit-Mismatch Index from scripts/compute_umi.py output. Copy the JSON fields into the row.
A13: Compute_Log | B13: Daily compute & API spend vs the sprint plan. Track to avoid running out of budget mid-week.
A15: Workflow
A16: 1 | B16: Edit `Runs` to mark a run as in-progress / done.
A17: 2 | B17: After eval finishes, fill the four/eight/twelve `score` rows for that run in `Results`.
A18: 3 | B18: `Main_Table` updates automatically. Decide go/no-go at end of Day 6 using `Avg_fast` column.
A19: 4 | B19: Add new runs by appending to `Runs` AND duplicating its result rows in `Results`.
A20: 5 | B20: If you change the schema, re-run `python3 scripts/make_experiment_tracker.py` (note: overwrites).
A22: Decision criterion (from phase_0_sprint_plan.md)
A23: Submit | B23: Unit-Aligned >= max(EM-KD-only, SRE-only) - 0.3 pts averaged AND > CE-only avg
A24: Reframe | B24: Unit-Aligned < CE-only -> rewrite as robustness/negative-result paper for a workshop
A25: Abandon sprint | B25: All KD methods < CE-only by >= 1 pt -> add Qwen3-VL pair, target ARR June

Sheet Runs
A1: run_id | B1: method | C1: category | D1: kd_loss_type | E1: extra_args | F1: script | G1: teacher | H1: student | I1: lora_r | J1: lora_alpha | K1: lr | L1: per_device_bs | M1: grad_accum | N1: epochs | O1: percent_data | P1: seed | Q1: max_len | R1: status | S1: start_date | T1: end_date | U1: wall_clock_h | V1: ckpt_path | W1: final_step | X1: notes
A2: ce_only_run1 | B2: CE-only | C2: baseline | D2: ce_only | F2: script_train/ce_only/train_qwen25_teacher_7b_qwen2_student_2b_ce_only.sh | G2: Qwen/Qwen2.5-VL-7B-Instruct | H2: Qwen/Qwen2-VL-2B-Instruct | I2: 64 | J2: 64 | K2: 1e-5 | L2: 1 | M2: 8 | N2: 1 | O2: 0.15 | P2: 1337 | Q2: 2048 | R2: planned
A3: emkd_run1 | B3: EM-KD-only | C3: single-side | D3: emkd | E3: em_kd_alpha=0.5, beta=0.25, gamma=25.0, T=1.0 | F3: script_train/em_kd/train_qwen25_teacher_7b_qwen2_student_2b_emkd.sh | G3: Qwen/Qwen2.5-VL-7B-Instruct | H3: Qwen/Qwen2-VL-2B-Instruct | I3: 64 | J3: 64 | K3: 1e-5 | L3: 1 | M3: 8 | N3: 1 | O3: 0.15 | P3: 1337 | Q3: 2048 | R3: planned
A4: sre_run1 | B4: SRE-only | C4: single-side | D4: sre | E4: layer_mapping=[27], sre_use_projector=True, sre_geom_loss_weight=50 | F4: script_train/sre/train_qwen25_teacher_7b_qwen2_student_2b_sre.sh | G4: Qwen/Qwen2.5-VL-7B-Instruct | H4: Qwen/Qwen2-VL-2B-Instruct | I4: 64 | J4: 64 | K4: 1e-5 | L4: 1 | M4: 8 | N4: 1 | O4: 0.15 | P4: 1337 | Q4: 2048 | R4: planned
A5: unit_aligned_run1 | B5: Unit-Aligned | C5: joint | D5: unit_aligned | E5: layer_mapping=[27], joint_ce=0.5, joint_emkd=1.0, joint_sre=1.0 | F5: script_train/unit_aligned/train_qwen25_teacher_7b_qwen2_student_2b_unit_aligned.sh | G5: Qwen/Qwen2.5-VL-7B-Instruct | H5: Qwen/Qwen2-VL-2B-Instruct | I5: 64 | J5: 64 | K5: 1e-5 | L5: 1 | M5: 8 | N5: 1 | O5: 0.15 | P5: 1337 | Q5: 2048 | R5: planned
A6: unit_aligned_noproj_ablation | B6: Unit-Aligned (no projector) | C6: ablation | D6: unit_aligned | E6: sre_use_projector=False (fallback to crop) | F6: script_train/unit_aligned/train_..._unit_aligned.sh + --sre_use_projector false | G6: Qwen/Qwen2.5-VL-7B-Instruct | H6: Qwen/Qwen2-VL-2B-Instruct | I6: 64 | J6: 64 | K6: 1e-5 | L6: 1 | M6: 8 | N6: 1 | O6: 0.15 | P6: 1337 | Q6: 2048 | R6: planned

Sheet Results
A1: run_id | B1: method | C1: suite | D1: dataset | E1: score | F1: n_samples | G1: judge_model | H1: eval_hours | I1: judge_usd | J1: eval_date | K1: notes
A2: ce_only_run1 | B2: CE-only | C2: fast_signal | D2: MMBench_DEV_EN
A3: ce_only_run1 | B3: CE-only | C3: fast_signal | D3: MMStar
A4: ce_only_run1 | B4: CE-only | C4: fast_signal | D4: MMMU_DEV_VAL
A5: ce_only_run1 | B5: CE-only | C5: fast_signal | D5: MathVista_MINI
A6: emkd_run1 | B6: EM-KD-only | C6: fast_signal | D6: MMBench_DEV_EN
A7: emkd_run1 | B7: EM-KD-only | C7: fast_signal | D7: MMStar
A8: emkd_run1 | B8: EM-KD-only | C8: fast_signal | D8: MMMU_DEV_VAL
A9: emkd_run1 | B9: EM-KD-only | C9: fast_signal | D9: MathVista_MINI
A10: sre_run1 | B10: SRE-only | C10: fast_signal | D10: MMBench_DEV_EN
A11: sre_run1 | B11: SRE-only | C11: fast_signal | D11: MMStar
A12: sre_run1 | B12: SRE-only | C12: fast_signal | D12: MMMU_DEV_VAL
A13: sre_run1 | B13: SRE-only | C13: fast_signal | D13: MathVista_MINI
... A37: unit_aligned_run1 | B37: Unit-Aligned | C37: main_table | D37: POPE

Sheet Main_Table
A1: Main Paper Table (Method x Benchmark)
A2: Edit Results sheet; this table refreshes via VLOOKUP. Blank cells mean no result yet.
A4: Method | B4: MMBench_DEV_EN | C4: MMStar | D4: MMMU_DEV_VAL | E4: MathVista_MINI | F4: MMVet | G4: AI2D_TEST_NO_MASK | H4: ChartQA_TEST | I4: POPE | J4: Avg_fast (4) | K4: Avg_main (8)
A5: CE-only | B5: =IFERROR(INDEX(Results!$E:$E, MATCH(1, (Results!$A:$A="ce_only_run1")*(Results!$D:$D="MMBench_DEV_EN"), 0)), "") | C5: =IFERROR(INDEX(Results!$E:$E, MATCH(1, (Results!$A:$A="ce_only_run1")*(Results!$D:$D="MMStar"), 0)), "") | D5: =IFERROR(INDEX(Results!$E:$E, MATCH(1, (Results!$A:$A="ce_only_run1")*(Results!$D:$D="MMMU_DEV_VAL"), 0)), "") | E5: =IFERROR(INDEX(Results!$E:$E, MATCH(1, (Results!$A:$A="ce_only_run1")*(Results!$D:$D="MathVista_MINI"), 0)), "") | F5: =IFERROR(INDEX(Results!$E:$E, MATCH(1, (Results!$A:$A="ce_only_run1")*(Results!$D:$D="MMVet"), 0)), "") | G5: =IFERROR(INDEX(Results!$E:$E, MATCH(1, (Results!$A:$A="ce_only_run1")*(Results!$D:$D="AI2D_TEST_NO_MASK"), 0)), "") | H5: =IFERROR(INDEX(Results!$E:$E, MATCH(1, (Results!$A:$A="ce_only_run1")*(Results!$D:$D="ChartQA_TEST"), 0)), "") | I5: =IFERROR(INDEX(Results!$E:$E, MATCH(1, (Results!$A:$A="ce_only_run1")*(Results!$D:$D="POPE"), 0)), "") | J5: =IFERROR(AVERAGE(B5:E5), "") | K5: =IFERROR(AVERAGE(B5:I5), "")
A6: EM-KD-only | B6: =IFERROR(INDEX(Results!$E:$E, MATCH(1, (Results!$A:$A="emkd_run1")*(Results!$D:$D="MMBench_DEV_EN"), 0)), "") | C6: =IFERROR(INDEX(Results!$E:$E, MATCH(1, (Results!$A:$A="emkd_run1")*(Results!$D:$D="MMStar"), 0)), "") | D6: =IFERROR(INDEX(Results!$E:$E, MATCH(1, (Results!$A:$A="emkd_run1")*(Results!$D:$D="MMMU_DEV_VAL"), 0)), "") | E6: =IFERROR(INDEX(Results!$E:$E, MATCH(1, (Results!$A:$A="emkd_run1")*(Results!$D:$D="MathVista_MINI"), 0)), "") | F6: =IFERROR(INDEX(Results!$E:$E, MATCH(1, (Results!$A:$A="emkd_run1")*(Results!$D:$D="MMVet"), 0)), "") | G6: =IFERROR(INDEX(Results!$E:$E, MATCH(1, (Results!$A:$A="emkd_run1")*(Results!$D:$D="AI2D_TEST_NO_MASK"), 0)), "") | H6: =IFERROR(INDEX(Results!$E:$E, MATCH(1, (Results!$A:$A="emkd_run1")*(Results!$D:$D="ChartQA_TEST"), 0)), "") | I6: =IFERROR(INDEX(Results!$E:$E, MATCH(1, (Results!$A:$A="emkd_run1")*(Results!$D:$D="POPE"), 0)), "") | J6: =IFERROR(AVERAGE(B6:E6), "") | K6: =IFERROR(AVERAGE(B6:I6), "")
A7: SRE-only | B7: =IFERROR(INDEX(Results!$E:$E, MATCH(1, (Results!$A:$A="sre_run1")*(Results!$D:$D="MMBench_DEV_EN"), 0)), "") | C7: =IFERROR(INDEX(Results!$E:$E, MATCH(1, (Results!$A:$A="sre_run1")*(Results!$D:$D="MMStar"), 0)), "") | D7: =IFERROR(INDEX(Results!$E:$E, MATCH(1, (Results!$A:$A="sre_run1")*(Results!$D:$D="MMMU_DEV_VAL"), 0)), "") | E7: =IFERROR(INDEX(Results!$E:$E, MATCH(1, (Results!$A:$A="sre_run1")*(Results!$D:$D="MathVista_MINI"), 0)), "") | F7: =IFERROR(INDEX(Results!$E:$E, MATCH(1, (Results!$A:$A="sre_run1")*(Results!$D:$D="MMVet"), 0)), "") | G7: =IFERROR(INDEX(Results!$E:$E, MATCH(1, (Results!$A:$A="sre_run1")*(Results!$D:$D="AI2D_TEST_NO_MASK"), 0)), "") | H7: =IFERROR(INDEX(Results!$E:$E, MATCH(1, (Results!$A:$A="sre_run1")*(Results!$D:$D="ChartQA_TEST"), 0)), "") | I7: =IFERROR(INDEX(Results!$E:$E, MATCH(1, (Results!$A:$A="sre_run1")*(Results!$D:$D="POPE"), 0)), "") | J7: =IFERROR(AVERAGE(B7:E7), "") | K7: =IFERROR(AVERAGE(B7:I7), "")
A8: Unit-Aligned | B8: =IFERROR(INDEX(Results!$E:$E, MATCH(1, (Results!$A:$A="unit_aligned_run1")*(Results!$D:$D="MMBench_DEV_EN"), 0)), "") | C8: =IFERROR(INDEX(Results!$E:$E, MATCH(1, (Results!$A:$A="unit_aligned_run1")*(Results!$D:$D="MMStar"), 0)), "") | D8: =IFERROR(INDEX(Results!$E:$E, MATCH(1, (Results!$A:$A="unit_aligned_run1")*(Results!$D:$D="MMMU_DEV_VAL"), 0)), "") | E8: =IFERROR(INDEX(Results!$E:$E, MATCH(1, (Results!$A:$A="unit_aligned_run1")*(Results!$D:$D="MathVista_MINI"), 0)), "") | F8: =IFERROR(INDEX(Results!$E:$E, MATCH(1, (Results!$A:$A="unit_aligned_run1")*(Results!$D:$D="MMVet"), 0)), "") | G8: =IFERROR(INDEX(Results!$E:$E, MATCH(1, (Results!$A:$A="unit_aligned_run1")*(Results!$D:$D="AI2D_TEST_NO_MASK"), 0)), "") | H8: =IFERROR(INDEX(Results!$E:$E, MATCH(1, (Results!$A:$A="unit_aligned_run1")*(Results!$D:$D="ChartQA_TEST"), 0)), "") | I8: =IFERROR(INDEX(Results!$E:$E, MATCH(1, (Results!$A:$A="unit_aligned_run1")*(Results!$D:$D="POPE"), 0)), "") | J8: =IFERROR(AVERAGE(B8:E8), "") | K8: =IFERROR(AVERAGE(B8:I8), "")
A10: Delta (Unit-Aligned - max(EM-KD, SRE)) — submit if >= -0.3 | B10: =IFERROR(B8 - MAX(B6, B7), "") | C10: =IFERROR(C8 - MAX(C6, C7), "") | D10: =IFERROR(D8 - MAX(D6, D7), "") | E10: =IFERROR(E8 - MAX(E6, E7), "") | F10: =IFERROR(F8 - MAX(F6, F7), "") | G10: =IFERROR(G8 - MAX(G6, G7), "") | H10: =IFERROR(H8 - MAX(H6, H7), "") | I10: =IFERROR(I8 - MAX(I6, I7), "") | ... K10: =IFERROR(K8 - MAX(K6, K7), "")

Sheet UMI
A1: pair_name | B1: teacher | C1: student | D1: vocab_jaccard_on_corpus | E1: student_vocab_used | F1: teacher_vocab_used | G1: vision_token_ratio_mean | H1: umi_text_component | I1: umi_vision_component | J1: umi | K1: response_sample | L1: image_sample | M1: seed | N1: computed_date | O1: notes
A2: qwen25_to_qwen2 | B2: Qwen/Qwen2.5-VL-7B-Instruct | C2: Qwen/Qwen2-VL-2B-Instruct
A4: (future pairs for ARR June: Qwen3-VL-8B->Qwen2.5-VL-3B, LLaVA-OV-7B->Qwen2.5-VL-3B)

Sheet Compute_Log
A1: date | B1: day_num | C1: planned_task | D1: actual_task | E1: gpu_hours_used_today | F1: gpu_hours_cumulative | G1: judge_usd_today | H1: judge_usd_cumulative | I1: blocker | J1: notes
A2: 2026-05-15 | B2: 1 | C2: Code fixes + UMI computation + paper skeleton stub | F2: =SUM($E$2:E2) | H2: =SUM($G$2:G2)
A3: 2026-05-16 | B3: 2 | C3: Teacher logit cache + CE-only training launch + paper skeleton | F3: =SUM($E$2:E3) | H3: =SUM($G$2:G3)
A4: 2026-05-17 | B4: 3 | C4: EM-KD-only training launch + VLMEvalKit setup | F4: =SUM($E$2:E4) | H4: =SUM($G$2:G4)
A5: 2026-05-18 | B5: 4 | C5: SRE-only training launch + CE-only fast_signal eval | F5: =SUM($E$2:E5) | H5: =SUM($G$2:G5)
A6: 2026-05-19 | B6: 5 | C6: Unit-Aligned training launch + EM-KD-only fast_signal eval | F6: =SUM($E$2:E6) | H6: =SUM($G$2:G6)
A7: 2026-05-20 | B7: 6 | C7: Unit-Aligned eval + SRE-only eval + ablation run | F7: =SUM($E$2:E7) | H7: =SUM($G$2:G7)
A8: 2026-05-21 | B8: 7 | C8: Tables + write results/discussion + camera-ready polish | F8: =SUM($E$2:E8) | H8: =SUM($G$2:G8)
A9: 2026-05-22 | B9: 8 | C9: Final reproducibility check + SUBMIT | F9: =SUM($E$2:E9) | H9: =SUM($G$2:G9)
